https://regrid.com/,
https://regrid.com/parcels,
https://regrid.com/buildings,
https://regrid.com/addresses,
https://regrid.com/api,
https://regrid.com/contact,
https://regrid.com/land-use-codes,
https://regrid.com/plans,
https://regrid.com/usecase/renewable-energy,
https://regrid.com/usecase/datascience,
https://regrid.com/saas,
https://regrid.com/apps,
https://regrid.com/feature-service,
https://regrid.com/vacancy,
https://app.regrid.com/store,
https://app.regrid.com/store/us/tx,
https://app.regrid.com/store/us/tx/buy,
https://app.regrid.com/store/us/tx/travis,